{"cameraMode":{"drawMode":0,"name":"Shaded","section":"Shading Mode"},"sceneLighting":true,"audioPlay":false,"sceneViewState":{"m_AlwaysRefresh":false,"showFog":true,"showSkybox":true,"showFlares":true,"showImageEffects":true,"showParticleSystems":true,"showVisualEffectGraphs":true,"m_FxEnabled":true},"in2DMode":false,"pivot":{"x":0.9581758975982666,"y":0.4288073480129242,"z":-1.0291390419006348},"rotation":{"x":0.04559895396232605,"y":-0.7605739235877991,"z":0.054107848554849628,"w":0.6455642580986023},"size":7.870481014251709,"orthographic":false}