{"cameraMode":{"drawMode":0,"name":"Shaded","section":"Shading Mode"},"sceneLighting":true,"audioPlay":false,"sceneViewState":{"m_AlwaysRefresh":false,"showFog":true,"showSkybox":true,"showFlares":true,"showImageEffects":true,"showParticleSystems":true,"showVisualEffectGraphs":true,"m_FxEnabled":true},"in2DMode":false,"pivot":{"x":0.7926278114318848,"y":2.4503049850463869,"z":-0.06931636482477188},"rotation":{"x":0.11820805817842484,"y":-0.4576944410800934,"z":0.061885252594947818,"w":0.8791802525520325},"size":12.585395812988282,"orthographic":false}