{"cameraMode":{"drawMode":0,"name":"Shaded","section":"Shading Mode"},"sceneLighting":true,"audioPlay":false,"sceneViewState":{"m_AlwaysRefresh":false,"showFog":true,"showSkybox":true,"showFlares":true,"showImageEffects":true,"showParticleSystems":true,"showVisualEffectGraphs":true,"m_FxEnabled":true},"in2DMode":false,"pivot":{"x":3.096564769744873,"y":1.8782103061676026,"z":1.0562989711761475},"rotation":{"x":0.007018702104687691,"y":0.20759634673595429,"z":0.0015662171645089985,"w":-0.9782696962356567},"size":3.288090944290161,"orthographic":false}